{
  "3|3|1|1": {
    "FOLD": 3.752181893771228e-07,
    "CALL": 0.9997397146791728,
    "RAISE": 0.000259910102637845
  },
  "3|3|3|1": {
    "FOLD": 6.970219736177183e-07,
    "CALL": 0.9998497763314435,
    "RAISE": 0.00014952664658296063
  },
  "3|2|2|1": {
    "FOLD": 4.433036763173877e-06,
    "CALL": 0.9988545374551095,
    "RAISE": 0.001141029508127261
  },
  "3|2|0|0": {
    "FOLD": 0.0,
    "CALL": 0.00035933029302054174,
    "RAISE": 0.9996406697069794
  },
  "3|1|1|1": {
    "FOLD": 2.291454707106288e-06,
    "CALL": 0.18964489549648597,
    "RAISE": 0.8103528130488069
  },
  "3|3|0|0": {
    "FOLD": 0.0,
    "CALL": 4.899429412450626e-07,
    "RAISE": 0.9999995100570588
  },
  "3|2|1|1": {
    "FOLD": 1.006717828066689e-06,
    "CALL": 0.9974758944253302,
    "RAISE": 0.002523098856841658
  },
  "2|3|0|0": {
    "FOLD": 0.0,
    "CALL": 0.9998780736326678,
    "RAISE": 0.00012192636733226801
  },
  "2|2|1|1": {
    "FOLD": 6.948367376859296e-07,
    "CALL": 0.9999962406348165,
    "RAISE": 3.064528445707151e-06
  },
  "2|3|1|1": {
    "FOLD": 2.808192846465707e-07,
    "CALL": 0.9999679308361145,
    "RAISE": 3.178834460095749e-05
  },
  "1|3|3|1": {
    "FOLD": 5.702421419207238e-07,
    "CALL": 0.9999863025306125,
    "RAISE": 1.3127227245595352e-05
  },
  "1|3|1|1": {
    "FOLD": 3.0617499860690373e-07,
    "CALL": 0.9999887153980191,
    "RAISE": 1.0978426982295441e-05
  },
  "0|3|3|1": {
    "FOLD": 0.9989196645145838,
    "CALL": 0.0010767594453878473,
    "RAISE": 3.576040028381599e-06
  },
  "0|3|1|1": {
    "FOLD": 0.9913997938106155,
    "CALL": 0.00859976509724041,
    "RAISE": 4.4109214414891266e-07
  },
  "1|2|2|1": {
    "FOLD": 0.9796123533485691,
    "CALL": 0.020326923818272957,
    "RAISE": 6.072283315792122e-05
  },
  "1|2|0|0": {
    "FOLD": 0.0,
    "CALL": 0.9999476084015104,
    "RAISE": 5.2391598489583366e-05
  },
  "1|1|0|0": {
    "FOLD": 0.0,
    "CALL": 0.44351135655893875,
    "RAISE": 0.5564886434410613
  },
  "2|0|3|1": {
    "FOLD": 7.04766334721723e-06,
    "CALL": 0.9978352713278018,
    "RAISE": 0.0021576810088510287
  },
  "2|0|1|1": {
    "FOLD": 1.59788441483165e-05,
    "CALL": 0.3269206259225076,
    "RAISE": 0.673063395233344
  },
  "0|3|0|0": {
    "FOLD": 0.0,
    "CALL": 0.9999956616343469,
    "RAISE": 4.338365652947396e-06
  },
  "0|2|0|0": {
    "FOLD": 0.0,
    "CALL": 0.9999896607202645,
    "RAISE": 1.0339279735436724e-05
  },
  "2|3|3|1": {
    "FOLD": 5.227806914088312e-07,
    "CALL": 0.9999533332525531,
    "RAISE": 4.614396675547455e-05
  },
  "2|3|4|1": {
    "FOLD": 1.1347311708383167e-06,
    "CALL": 0.9999988652688292,
    "RAISE": 0.0
  },
  "2|3|2|1": {
    "FOLD": 7.563878847839718e-07,
    "CALL": 0.9999869695965522,
    "RAISE": 1.2274015562984977e-05
  },
  "1|2|1|1": {
    "FOLD": 0.3606771909235942,
    "CALL": 0.6393049184018411,
    "RAISE": 1.7890674564730696e-05
  },
  "1|3|0|0": {
    "FOLD": 0.0,
    "CALL": 0.9999991981846902,
    "RAISE": 8.018153098615265e-07
  },
  "1|3|2|1": {
    "FOLD": 8.277974379669295e-07,
    "CALL": 0.9999953812665676,
    "RAISE": 3.7909359943258247e-06
  },
  "1|1|4|1": {
    "FOLD": 0.9235207653878242,
    "CALL": 0.07647923461217572,
    "RAISE": 0.0
  },
  "1|1|2|1": {
    "FOLD": 0.9877433790996212,
    "CALL": 0.01205637610806315,
    "RAISE": 0.0002002447923156754
  },
  "1|0|1|0": {
    "FOLD": 0.0,
    "CALL": 0.9994008785171857,
    "RAISE": 0.0005991214828143671
  },
  "2|1|0|0": {
    "FOLD": 0.0,
    "CALL": 0.5616144289838039,
    "RAISE": 0.4383855710161961
  },
  "2|0|2|1": {
    "FOLD": 3.435081669471148e-05,
    "CALL": 0.9310660375232103,
    "RAISE": 0.06889961166009499
  },
  "3|3|2|1": {
    "FOLD": 1.0067269494764013e-06,
    "CALL": 0.9998222175778575,
    "RAISE": 0.00017677569519295933
  },
  "2|2|4|1": {
    "FOLD": 7.626950592614061e-06,
    "CALL": 0.9999923730494074,
    "RAISE": 0.0
  },
  "2|2|2|1": {
    "FOLD": 3.069367710251688e-06,
    "CALL": 0.9998020980083663,
    "RAISE": 0.00019483262392348493
  },
  "2|2|0|0": {
    "FOLD": 0.0,
    "CALL": 0.7928023023416458,
    "RAISE": 0.20719769765835422
  },
  "3|3|4|1": {
    "FOLD": 1.5102546289304377e-06,
    "CALL": 0.9999984897453711,
    "RAISE": 0.0
  },
  "4|3|4|1": {
    "FOLD": 2.4218587281366703e-06,
    "CALL": 0.9999975781412719,
    "RAISE": 0.0
  },
  "4|3|2|1": {
    "FOLD": 1.6144160899165184e-06,
    "CALL": 5.053816098621353e-05,
    "RAISE": 0.9999478474229239
  },
  "4|3|0|0": {
    "FOLD": 0.0,
    "CALL": 1.256477840881345e-05,
    "RAISE": 0.9999874352215912
  },
  "3|2|4|1": {
    "FOLD": 1.105460977227504e-05,
    "CALL": 0.9999889453902278,
    "RAISE": 0.0
  },
  "1|3|4|1": {
    "FOLD": 1.2418596102547798e-06,
    "CALL": 0.9999987581403897,
    "RAISE": 0.0
  },
  "1|2|4|1": {
    "FOLD": 8.555783709787816e-06,
    "CALL": 0.9999914442162902,
    "RAISE": 0.0
  },
  "1|1|1|1": {
    "FOLD": 0.8301755075147478,
    "CALL": 0.16979082577429142,
    "RAISE": 3.366671096079721e-05
  },
  "2|1|2|1": {
    "FOLD": 5.0926350312178525e-06,
    "CALL": 0.994537569522357,
    "RAISE": 0.005457337842611921
  },
  "4|3|1|1": {
    "FOLD": 6.034831842428126e-07,
    "CALL": 7.93857335607798e-06,
    "RAISE": 0.9999914579434597
  },
  "4|3|3|1": {
    "FOLD": 1.121850964343089e-06,
    "CALL": 1.2822962698231129e-05,
    "RAISE": 0.9999860551863375
  },
  "4|2|2|1": {
    "FOLD": 8.414533582403464e-06,
    "CALL": 0.40891707284033507,
    "RAISE": 0.5910745126260826
  },
  "4|2|0|0": {
    "FOLD": 0.0,
    "CALL": 0.001771883634822371,
    "RAISE": 0.9982281163651776
  },
  "2|2|3|1": {
    "FOLD": 2.926723620708325e-06,
    "CALL": 0.9996929743393577,
    "RAISE": 0.00030409893702155566
  },
  "4|2|4|1": {
    "FOLD": 2.1089927450649568e-05,
    "CALL": 0.9999789100725494,
    "RAISE": 0.0
  },
  "3|1|3|1": {
    "FOLD": 1.1309786358135694e-05,
    "CALL": 0.9995543623573281,
    "RAISE": 0.00043432785631376624
  },
  "3|2|3|1": {
    "FOLD": 4.240018995285099e-06,
    "CALL": 0.9988813619669236,
    "RAISE": 0.0011143980140812231
  },
  "3|1|0|0": {
    "FOLD": 0.0,
    "CALL": 0.053790990123702566,
    "RAISE": 0.9462090098762974
  },
  "4|2|3|1": {
    "FOLD": 8.177149772675365e-06,
    "CALL": 0.4013203403607436,
    "RAISE": 0.5986714824894839
  },
  "4|2|1|1": {
    "FOLD": 1.9285547603481427e-06,
    "CALL": 8.109579517886777e-05,
    "RAISE": 0.9999169756500608
  },
  "3|1|4|1": {
    "FOLD": 5.894836123555765e-05,
    "CALL": 0.9999410516387645,
    "RAISE": 0.0
  },
  "3|1|2|1": {
    "FOLD": 8.102414519526818e-06,
    "CALL": 0.9997152621082684,
    "RAISE": 0.00027663547721195985
  },
  "2|0|1|0": {
    "FOLD": 0.0,
    "CALL": 0.9993542691910904,
    "RAISE": 0.0006457308089096424
  },
  "2|1|4|1": {
    "FOLD": 3.688947912055482e-05,
    "CALL": 0.9999631105208795,
    "RAISE": 0.0
  },
  "1|2|3|1": {
    "FOLD": 1.4465230704344044e-05,
    "CALL": 0.9999346865362019,
    "RAISE": 5.0848233093783816e-05
  },
  "0|3|4|1": {
    "FOLD": 0.9975889878040987,
    "CALL": 0.0024110121959013083,
    "RAISE": 0.0
  },
  "0|3|2|1": {
    "FOLD": 0.9990217793487638,
    "CALL": 0.0009770293879609714,
    "RAISE": 1.1912632751401223e-06
  },
  "0|2|3|1": {
    "FOLD": 0.9992222411974315,
    "CALL": 0.000759725291025826,
    "RAISE": 1.8033511542628604e-05
  },
  "0|2|1|1": {
    "FOLD": 0.999985262929926,
    "CALL": 1.33599099985335e-05,
    "RAISE": 1.377160075578545e-06
  },
  "0|2|2|1": {
    "FOLD": 0.9997910131503676,
    "CALL": 3.620863827959538e-05,
    "RAISE": 0.00017277821135280516
  },
  "1|0|3|1": {
    "FOLD": 0.9991831979136617,
    "CALL": 0.00031193421382390025,
    "RAISE": 0.000504867872514294
  },
  "0|1|0|0": {
    "FOLD": 0.0,
    "CALL": 0.9988258456201958,
    "RAISE": 0.00117415437980413
  },
  "0|1|4|1": {
    "FOLD": 0.9991170642693267,
    "CALL": 0.0008829357306732155,
    "RAISE": 0.0
  },
  "0|1|2|1": {
    "FOLD": 0.9983415479819583,
    "CALL": 0.0014022390733284963,